Patient,Seizures,Sampling Rate (Hz),Channels,Downloaded (h),Ictal (%)
ID03,4,512.0,64,8,0.8980821572580073
ID04,14,1024.0,32,17,0.9594211041271206
ID05,4,512.0,128,9,0.20602234543012957
ID06,8,1024.0,32,12,0.8498248818481173
ID07,4,512.0,75,8,0.9662335431133519
ID10,17,1024.0,32,20,1.67277785011574
ID12,9,1024.0,56,13,2.816558104077838
ID13,7,1024.0,64,11,1.8207691498316005
ID16,5,1024.0,34,9,2.9389600212190636
ID18,5,1024.0,42,9,3.0730316840283955
